rowname,1,2,4,5,6
1,1,0.18374969065,0,0,0
2,0.18374969065,1,0,0.10238833725,0
4,0,0,1,0,0
5,0,0.10238833725,0,1,0
6,0,0,0,0,1
